PrimaryKey,Property1,Property2,Property3
1,Property1Value1,Property2Value1,Property3Value1
2,Property1Value2,Property2Value2,Property3Value2
3,Property1Value3,Property2Value3,Property3Value3
4,Property1Value4,Property2Value4,Property3Value4
5,Property1Value5,Property2Value5,Property3Value5
6,Property1Value6,Property2Value6,Property3Value6
7,Property1Value7,Property2Value7,Property3Value7
8,Property1Value8,Property2Value8,Property3Value8
9,Property1Value9,Property2Value9,Property3Value9
10,Property1Value10,Property2Value10,Property3Value10
11,Property1Value11,Property2Value11,Property3Value11
12,Property1Value12,Property2Value12,Property3Value12
13,Property1Value13,Property2Value13,Property3Value13
14,Property1Value14,Property2Value14,Property3Value14
15,Property1Value15,Property2Value15,Property3Value15
16,Property1Value16,Property2Value16,Property3Value16
17,Property1Value17,Property2Value17,Property3Value17
18,Property1Value18,Property2Value18,Property3Value18
19,Property1Value19,Property2Value19,Property3Value19
20,Property1Value20,Property2Value20,Property3Value20
21,Property1Value21,Property2Value21,Property3Value21
22,Property1Value22,Property2Value22,Property3Value22
23,Property1Value23,Property2Value23,Property3Value23
24,Property1Value24,Property2Value24,Property3Value24
25,Property1Value25,Property2Value25,Property3Value25
26,Property1Value26,Property2Value26,Property3Value26
27,Property1Value27,Property2Value27,Property3Value27
28,Property1Value28,Property2Value28,Property3Value28
29,Property1Value29,Property2Value29,Property3Value29
30,Property1Value30,Property2Value30,Property3Value30
31,Property1Value31,Property2Value31,Property3Value31
32,Property1Value32,Property2Value32,Property3Value32
33,Property1Value33,Property2Value33,Property3Value33
34,Property1Value34,Property2Value34,Property3Value34
35,Property1Value35,Property2Value35,Property3Value35
36,Property1Value36,Property2Value36,Property3Value36
37,Property1Value37,Property2Value37,Property3Value37
38,Property1Value38,Property2Value38,Property3Value38
39,Property1Value39,Property2Value39,Property3Value39
40,Property1Value40,Property2Value40,Property3Value40
41,Property1Value41,Property2Value41,Property3Value41
42,Property1Value42,Property2Value42,Property3Value42
43,Property1Value43,Property2Value43,Property3Value43
44,Property1Value44,Property2Value44,Property3Value44
45,Property1Value45,Property2Value45,Property3Value45
46,Property1Value46,Property2Value46,Property3Value46
47,Property1Value47,Property2Value47,Property3Value47
48,Property1Value48,Property2Value48,Property3Value48
49,Property1Value49,Property2Value49,Property3Value49
50,Property1Value50,Property2Value50,Property3Value50
51,Property1Value51,Property2Value51,Property3Value51
52,Property1Value52,Property2Value52,Property3Value52
53,Property1Value53,Property2Value53,Property3Value53
54,Property1Value54,Property2Value54,Property3Value54
55,Property1Value55,Property2Value55,Property3Value55
56,Property1Value56,Property2Value56,Property3Value56
57,Property1Value57,Property2Value57,Property3Value57
58,Property1Value58,Property2Value58,Property3Value58
59,Property1Value59,Property2Value59,Property3Value59
60,Property1Value60,Property2Value60,Property3Value60
61,Property1Value61,Property2Value61,Property3Value61
62,Property1Value62,Property2Value62,Property3Value62
63,Property1Value63,Property2Value63,Property3Value63
64,Property1Value64,Property2Value64,Property3Value64
65,Property1Value65,Property2Value65,Property3Value65
66,Property1Value66,Property2Value66,Property3Value66
67,Property1Value67,Property2Value67,Property3Value67
68,Property1Value68,Property2Value68,Property3Value68
69,Property1Value69,Property2Value69,Property3Value69
70,Property1Value70,Property2Value70,Property3Value70
71,Property1Value71,Property2Value71,Property3Value71
72,Property1Value72,Property2Value72,Property3Value72
73,Property1Value73,Property2Value73,Property3Value73
74,Property1Value74,Property2Value74,Property3Value74
75,Property1Value75,Property2Value75,Property3Value75
76,Property1Value76,Property2Value76,Property3Value76
77,Property1Value77,Property2Value77,Property3Value77
78,Property1Value78,Property2Value78,Property3Value78
79,Property1Value79,Property2Value79,Property3Value79
80,Property1Value80,Property2Value80,Property3Value80
81,Property1Value81,Property2Value81,Property3Value81
82,Property1Value82,Property2Value82,Property3Value82
83,Property1Value83,Property2Value83,Property3Value83
84,Property1Value84,Property2Value84,Property3Value84
85,Property1Value85,Property2Value85,Property3Value85
86,Property1Value86,Property2Value86,Property3Value86
87,Property1Value87,Property2Value87,Property3Value87
88,Property1Value88,Property2Value88,Property3Value88
89,Property1Value89,Property2Value89,Property3Value89
90,Property1Value90,Property2Value90,Property3Value90
91,Property1Value91,Property2Value91,Property3Value91
92,Property1Value92,Property2Value92,Property3Value92
93,Property1Value93,Property2Value93,Property3Value93
94,Property1Value94,Property2Value94,Property3Value94
95,Property1Value95,Property2Value95,Property3Value95
96,Property1Value96,Property2Value96,Property3Value96
97,Property1Value97,Property2Value97,Property3Value97
98,Property1Value98,Property2Value98,Property3Value98
99,Property1Value99,Property2Value99,Property3Value99
100,Property1Value100,Property2Value100,Property3Value100
101,Property1Value101,Property2Value101,Property3Value101
102,Property1Value102,Property2Value102,Property3Value102
103,Property1Value103,Property2Value103,Property3Value103
104,Property1Value104,Property2Value104,Property3Value104
105,Property1Value105,Property2Value105,Property3Value105
106,Property1Value106,Property2Value106,Property3Value106
107,Property1Value107,Property2Value107,Property3Value107
108,Property1Value108,Property2Value108,Property3Value108
109,Property1Value109,Property2Value109,Property3Value109
110,Property1Value110,Property2Value110,Property3Value110
111,Property1Value111,Property2Value111,Property3Value111
112,Property1Value112,Property2Value112,Property3Value112
113,Property1Value113,Property2Value113,Property3Value113
114,Property1Value114,Property2Value114,Property3Value114
115,Property1Value115,Property2Value115,Property3Value115
116,Property1Value116,Property2Value116,Property3Value116
117,Property1Value117,Property2Value117,Property3Value117
118,Property1Value118,Property2Value118,Property3Value118
119,Property1Value119,Property2Value119,Property3Value119
120,Property1Value120,Property2Value120,Property3Value120
121,Property1Value121,Property2Value121,Property3Value121
122,Property1Value122,Property2Value122,Property3Value122
123,Property1Value123,Property2Value123,Property3Value123
124,Property1Value124,Property2Value124,Property3Value124
125,Property1Value125,Property2Value125,Property3Value125
126,Property1Value126,Property2Value126,Property3Value126
127,Property1Value127,Property2Value127,Property3Value127
128,Property1Value128,Property2Value128,Property3Value128
129,Property1Value129,Property2Value129,Property3Value129
130,Property1Value130,Property2Value130,Property3Value130
131,Property1Value131,Property2Value131,Property3Value131
132,Property1Value132,Property2Value132,Property3Value132
133,Property1Value133,Property2Value133,Property3Value133
134,Property1Value134,Property2Value134,Property3Value134
135,Property1Value135,Property2Value135,Property3Value135
136,Property1Value136,Property2Value136,Property3Value136
137,Property1Value137,Property2Value137,Property3Value137
138,Property1Value138,Property2Value138,Property3Value138
139,Property1Value139,Property2Value139,Property3Value139
140,Property1Value140,Property2Value140,Property3Value140
141,Property1Value141,Property2Value141,Property3Value141
142,Property1Value142,Property2Value142,Property3Value142
143,Property1Value143,Property2Value143,Property3Value143
144,Property1Value144,Property2Value144,Property3Value144
145,Property1Value145,Property2Value145,Property3Value145
146,Property1Value146,Property2Value146,Property3Value146
147,Property1Value147,Property2Value147,Property3Value147
148,Property1Value148,Property2Value148,Property3Value148
149,Property1Value149,Property2Value149,Property3Value149
150,Property1Value150,Property2Value150,Property3Value150
151,Property1Value151,Property2Value151,Property3Value151
152,Property1Value152,Property2Value152,Property3Value152
153,Property1Value153,Property2Value153,Property3Value153
154,Property1Value154,Property2Value154,Property3Value154
155,Property1Value155,Property2Value155,Property3Value155
156,Property1Value156,Property2Value156,Property3Value156
157,Property1Value157,Property2Value157,Property3Value157
158,Property1Value158,Property2Value158,Property3Value158
159,Property1Value159,Property2Value159,Property3Value159
160,Property1Value160,Property2Value160,Property3Value160
161,Property1Value161,Property2Value161,Property3Value161
162,Property1Value162,Property2Value162,Property3Value162
163,Property1Value163,Property2Value163,Property3Value163
164,Property1Value164,Property2Value164,Property3Value164
165,Property1Value165,Property2Value165,Property3Value165
166,Property1Value166,Property2Value166,Property3Value166
167,Property1Value167,Property2Value167,Property3Value167
168,Property1Value168,Property2Value168,Property3Value168
169,Property1Value169,Property2Value169,Property3Value169
170,Property1Value170,Property2Value170,Property3Value170
171,Property1Value171,Property2Value171,Property3Value171
172,Property1Value172,Property2Value172,Property3Value172
173,Property1Value173,Property2Value173,Property3Value173
174,Property1Value174,Property2Value174,Property3Value174
175,Property1Value175,Property2Value175,Property3Value175
176,Property1Value176,Property2Value176,Property3Value176
177,Property1Value177,Property2Value177,Property3Value177
178,Property1Value178,Property2Value178,Property3Value178
179,Property1Value179,Property2Value179,Property3Value179
180,Property1Value180,Property2Value180,Property3Value180
181,Property1Value181,Property2Value181,Property3Value181
182,Property1Value182,Property2Value182,Property3Value182
183,Property1Value183,Property2Value183,Property3Value183
184,Property1Value184,Property2Value184,Property3Value184
185,Property1Value185,Property2Value185,Property3Value185
186,Property1Value186,Property2Value186,Property3Value186
187,Property1Value187,Property2Value187,Property3Value187
188,Property1Value188,Property2Value188,Property3Value188
189,Property1Value189,Property2Value189,Property3Value189
